{"feat_overlap":0.5575251673510926,"feat_sc_var":0.1429636081059774,"feat_entropy":0.3869636081059774,"_wandb":{"runtime":3405},"_runtime":3405,"proxy_positive_rate":0.23333333333333334,"_timestamp":1.7546560913721697e+09,"_step":1}