{"feat_overlap":0.8273403118940087,"feat_sc_var":0.03671840826670325,"feat_entropy":0.34771840826670325,"_wandb":{"runtime":2768},"_runtime":2768,"proxy_positive_rate":0.075,"_timestamp":1.754490099312604e+09,"_step":1}