{"_step":1,"feat_entropy":0.7436682767868042,"feat_overlap":0.5609316586732864,"feat_sc_var":0.0616682767868042,"_wandb":{"runtime":4057},"_runtime":4057,"proxy_positive_rate":0.18333333333333332,"_timestamp":1.7546754324386559e+09}