{"feat_entropy":0.29046166594823203,"_wandb":{"runtime":3475},"_runtime":3475,"proxy_positive_rate":0.6666666666666666,"_timestamp":1.7546477701263978e+09,"_step":1,"feat_overlap":0.7976331315540132,"feat_sc_var":0.004461665948232052}