{"_wandb":{"runtime":6249},"_runtime":6249,"proxy_positive_rate":0.3333333333333333,"_timestamp":1.7546371867138252e+09,"_step":1,"feat_sc_var":0,"feat_entropy":0.119,"feat_overlap":0.5785002535780271}